<?xml version="1.0" encoding="utf-8"?>
<!--/4689270/797158/2.49/10/4/Display/-->
<quadcept_library>
  <setting unit="mil" />
  <textstyle name="Default" height="47.244094488189" strokewidth="7.8740157480315" charwidth="47.244094488189" />
  <textstyle name="Dimension" height="19.6850393700787" strokewidth="0" charwidth="19.6850393700787" />
  <textstyle name="H127W0635TH00762" height="50" strokewidth="3" charwidth="25" />
  <textstyle name="H15W15TH02" height="59.0551181102362" strokewidth="7.8740157480315" charwidth="59.0551181102362" />
  <padstyle name="c110_h70" surface="False" plated="True" isvia="False" nopaste="True" nomask="True" complex="False" holesize="27.55905511811">
    <padshape layer="TOP" shape="round" width="43.307086614173" height="43.307086614173" />
    <padshape layer="TOP_SOLDER_MASK" shape="round" width="51.181102362204" height="51.181102362204" />
    <padshape layer="INNER" shape="round" width="43.307086614173" height="43.307086614173" />
    <padshape layer="BOTTOM" shape="round" width="43.307086614173" height="43.307086614173" />
    <padshape layer="BOTTOM_SOLDER_MASK" shape="round" width="51.181102362204" height="51.181102362204" />
  </padstyle>
  <padstyle name="s110_h70" surface="False" plated="True" isvia="False" nopaste="True" nomask="True" complex="False" holesize="27.55905511811">
    <padshape layer="TOP" shape="square" width="43.307086614173" height="43.307086614173" />
    <padshape layer="TOP_SOLDER_MASK" shape="square" width="51.181102362204" height="51.181102362204" />
    <padshape layer="INNER" shape="round" width="43.307086614173" height="43.307086614173" />
    <padshape layer="BOTTOM" shape="square" width="43.307086614173" height="43.307086614173" />
    <padshape layer="BOTTOM_SOLDER_MASK" shape="square" width="51.181102362204" height="51.181102362204" />
  </padstyle>
  <footprint name="DIPS1524W50P246L1260H800Q10N" originx="0" originy="0" pickpointx="0" pickpointy="0">
    <pcbpin number="1" name="1" style="s110_h70" originx="0" originy="0" rotation="90" />
    <pcbpin number="2" name="2" style="c110_h70" originx="0" originy="-96.850393700786" rotation="90" />
    <pcbpin number="3" name="3" style="c110_h70" originx="0" originy="-193.70078740157" rotation="90" />
    <pcbpin number="4" name="4" style="c110_h70" originx="0" originy="-290.55118110236" rotation="90" />
    <pcbpin number="5" name="5" style="c110_h70" originx="0" originy="-387.40157480314" rotation="90" />
    <pcbpin number="6" name="6" style="c110_h70" originx="599.99999999999" originy="-387.40157480314" rotation="90" />
    <pcbpin number="7" name="7" style="c110_h70" originx="599.99999999999" originy="-290.55118110236" rotation="90" />
    <pcbpin number="8" name="8" style="c110_h70" originx="599.99999999999" originy="-193.70078740157" rotation="90" />
    <pcbpin number="9" name="9" style="c110_h70" originx="599.99999999999" originy="-96.850393700786" rotation="90" />
    <pcbpin number="10" name="10" style="c110_h70" originx="599.99999999999" originy="0" rotation="90" />
    <line layer="TOP_PLACE_BOUND" originx="-83.858267716534" originy="64.173228346456" endx="683.85826771653" endy="64.173228346456" width="1.9685039370079" />
    <line layer="TOP_PLACE_BOUND" originx="683.85826771653" originy="64.173228346456" endx="683.85826771653" endy="-451.5748031496" width="1.9685039370079" />
    <line layer="TOP_PLACE_BOUND" originx="683.85826771653" originy="-451.5748031496" endx="-83.858267716534" endy="-451.5748031496" width="1.9685039370079" />
    <line layer="TOP_PLACE_BOUND" originx="-83.858267716534" originy="-451.5748031496" endx="-83.858267716534" endy="64.173228346456" width="1.9685039370079" />
    <line layer="TOP_ASSEMBLY" originx="-74.015748031495" originy="54.330708661417" endx="674.01574803149" endy="54.330708661417" width="3.9370078740157" />
    <line layer="TOP_ASSEMBLY" originx="674.01574803149" originy="54.330708661417" endx="674.01574803149" endy="-441.73228346456" width="3.9370078740157" />
    <line layer="TOP_ASSEMBLY" originx="674.01574803149" originy="-441.73228346456" endx="-74.015748031495" endy="-441.73228346456" width="3.9370078740157" />
    <line layer="TOP_ASSEMBLY" originx="-74.015748031495" originy="-441.73228346456" endx="-74.015748031495" endy="54.330708661417" width="3.9370078740157" />
    <line layer="TOP_ASSEMBLY" originx="-74.015748031495" originy="5.9055118110235" endx="-25.590551181102" endy="54.330708661417" width="3.9370078740157" />
    <line layer="TOP_SILKSCREEN" originx="-74.015748031495" originy="-441.73228346456" endx="674.01574803149" endy="-441.73228346456" width="7.8740157480314" />
    <line layer="TOP_SILKSCREEN" originx="674.01574803149" originy="54.330708661417" endx="-74.015748031495" endy="54.330708661417" width="7.8740157480314" />
    <line layer="TOP_SILKSCREEN" originx="-74.015748031495" originy="54.330708661417" endx="-74.015748031495" endy="0" width="7.8740157480314" />
  </footprint>
  <symbol name="LS0565SRWK" originx="0" originy="0">
    <line originx="200" originy="100" endx="1500" endy="100" width="0" />
    <line originx="1500" originy="-500" endx="1500" endy="100" width="0" />
    <line originx="1500" originy="-500" endx="200" endy="-500" width="0" />
    <line originx="200" originy="100" endx="200" endy="-500" width="0" />
    <sympin number="1" originx="200" originy="0" rotation="180" length="100" width="7.8740157480315" flipped="False">
      <text name="pinname" originx="230" originy="0" style="Default" rotation="0" justify="left" flipped="False" hidden="False" data="A_E" />
      <text name="pindes" originx="140" originy="20" style="Default" rotation="0" justify="lowerright" flipped="False" hidden="False" data="1" />
    </sympin>
    <sympin number="2" originx="200" originy="-100" rotation="180" length="100" width="7.8740157480315" flipped="False">
      <text name="pinname" originx="230" originy="-100" style="Default" rotation="0" justify="left" flipped="False" hidden="False" data="A_D" />
      <text name="pindes" originx="140" originy="-80" style="Default" rotation="0" justify="lowerright" flipped="False" hidden="False" data="2" />
    </sympin>
    <sympin number="3" originx="200" originy="-200" rotation="180" length="100" width="7.8740157480315" flipped="False">
      <text name="pinname" originx="230" originy="-200" style="Default" rotation="0" justify="left" flipped="False" hidden="False" data="COMMON_K_1" />
      <text name="pindes" originx="140" originy="-180" style="Default" rotation="0" justify="lowerright" flipped="False" hidden="False" data="3" />
    </sympin>
    <sympin number="4" originx="200" originy="-300" rotation="180" length="100" width="7.8740157480315" flipped="False">
      <text name="pinname" originx="230" originy="-300" style="Default" rotation="0" justify="left" flipped="False" hidden="False" data="A_C" />
      <text name="pindes" originx="140" originy="-280" style="Default" rotation="0" justify="lowerright" flipped="False" hidden="False" data="4" />
    </sympin>
    <sympin number="5" originx="200" originy="-400" rotation="180" length="100" width="7.8740157480315" flipped="False">
      <text name="pinname" originx="230" originy="-400" style="Default" rotation="0" justify="left" flipped="False" hidden="False" data="A_DP" />
      <text name="pindes" originx="140" originy="-380" style="Default" rotation="0" justify="lowerright" flipped="False" hidden="False" data="5" />
    </sympin>
    <sympin number="10" originx="1500" originy="0" rotation="0" length="100" width="7.8740157480315" flipped="False">
      <text name="pinname" originx="1470" originy="0" style="Default" rotation="0" justify="right" flipped="False" hidden="False" data="A_G" />
      <text name="pindes" originx="1560" originy="20" style="Default" rotation="0" justify="lowerleft" flipped="False" hidden="False" data="10" />
    </sympin>
    <sympin number="9" originx="1500" originy="-100" rotation="0" length="100" width="7.8740157480315" flipped="False">
      <text name="pinname" originx="1470" originy="-100" style="Default" rotation="0" justify="right" flipped="False" hidden="False" data="A_F" />
      <text name="pindes" originx="1560" originy="-80" style="Default" rotation="0" justify="lowerleft" flipped="False" hidden="False" data="9" />
    </sympin>
    <sympin number="8" originx="1500" originy="-200" rotation="0" length="100" width="7.8740157480315" flipped="False">
      <text name="pinname" originx="1470" originy="-200" style="Default" rotation="0" justify="right" flipped="False" hidden="False" data="COMMON_K_2" />
      <text name="pindes" originx="1560" originy="-180" style="Default" rotation="0" justify="lowerleft" flipped="False" hidden="False" data="8" />
    </sympin>
    <sympin number="7" originx="1500" originy="-300" rotation="0" length="100" width="7.8740157480315" flipped="False">
      <text name="pinname" originx="1470" originy="-300" style="Default" rotation="0" justify="right" flipped="False" hidden="False" data="A_A" />
      <text name="pindes" originx="1560" originy="-280" style="Default" rotation="0" justify="lowerleft" flipped="False" hidden="False" data="7" />
    </sympin>
    <sympin number="6" originx="1500" originy="-400" rotation="0" length="100" width="7.8740157480315" flipped="False">
      <text name="pinname" originx="1470" originy="-400" style="Default" rotation="0" justify="right" flipped="False" hidden="False" data="A_B" />
      <text name="pindes" originx="1560" originy="-380" style="Default" rotation="0" justify="lowerleft" flipped="False" hidden="False" data="6" />
    </sympin>
  </symbol>
  <component name="LS0565SRWK" designatorprefix="DS" height="314.96062992126" footprint="DIPS1524W50P246L1260H800Q10N">
    <comppin designator="1" sympin="1" pinswap="0" gateswap="0" gate="1" group="1" side="" type="Any" name="A_E" />
    <comppin designator="2" sympin="2" pinswap="0" gateswap="0" gate="1" group="1" side="" type="Any" name="A_D" />
    <comppin designator="3" sympin="3" pinswap="0" gateswap="0" gate="1" group="1" side="" type="Any" name="COMMON_K_1" />
    <comppin designator="4" sympin="4" pinswap="0" gateswap="0" gate="1" group="1" side="" type="Any" name="A_C" />
    <comppin designator="5" sympin="5" pinswap="0" gateswap="0" gate="1" group="1" side="" type="Any" name="A_DP" />
    <comppin designator="6" sympin="6" pinswap="0" gateswap="0" gate="1" group="1" side="" type="Any" name="A_B" />
    <comppin designator="7" sympin="7" pinswap="0" gateswap="0" gate="1" group="1" side="" type="Any" name="A_A" />
    <comppin designator="8" sympin="8" pinswap="0" gateswap="0" gate="1" group="1" side="" type="Any" name="COMMON_K_2" />
    <comppin designator="9" sympin="9" pinswap="0" gateswap="0" gate="1" group="1" side="" type="Any" name="A_F" />
    <comppin designator="10" sympin="10" pinswap="0" gateswap="0" gate="1" group="1" side="" type="Any" name="A_G" />
    <attached_symbol gate="1" name="LS0565SRWK" />
    <pinmap designator="1" footprintpin="1" />
    <pinmap designator="2" footprintpin="2" />
    <pinmap designator="3" footprintpin="3" />
    <pinmap designator="4" footprintpin="4" />
    <pinmap designator="5" footprintpin="5" />
    <pinmap designator="6" footprintpin="6" />
    <pinmap designator="7" footprintpin="7" />
    <pinmap designator="8" footprintpin="8" />
    <pinmap designator="9" footprintpin="9" />
    <pinmap designator="10" footprintpin="10" />
    <text name="Datasheet" originx="0" originy="0" style="Default" rotation="0" justify="" flipped="False" hidden="True" data="https://componentsearchengine.com/Datasheets/5/LS0565SRWK.pdf" />
    <text name="Description" originx="0" originy="0" style="Default" rotation="0" justify="" flipped="False" hidden="True" data="DISPLAY, SEVEN SEGMENT, 0.56 INCH, RED" />
    <text name="Manufacturer_Name" originx="0" originy="0" style="Default" rotation="0" justify="" flipped="False" hidden="True" data="MULTICOMP" />
    <text name="Manufacturer_Part_Number" originx="1550" originy="200" style="Default" rotation="0" justify="left" flipped="False" hidden="False" data="LS0565SRWK" />
    <text name="Mouser Part Number" originx="0" originy="0" style="Default" rotation="0" justify="" flipped="False" hidden="True" data="" />
    <text name="Mouser Price/Stock" originx="0" originy="0" style="Default" rotation="0" justify="" flipped="False" hidden="True" data="" />
    <text name="Arrow Part Number" originx="0" originy="0" style="Default" rotation="0" justify="" flipped="False" hidden="True" data="" />
    <text name="Arrow Price/Stock" originx="0" originy="0" style="Default" rotation="0" justify="" flipped="False" hidden="True" data="" />
  </component>
</quadcept_library>
